{
	"info": {
		"_postman_id": "981646f1-b272-4b69-bc98-aaf6d24dcc82",
		"name": "ABTM",
		"description": "Colección exportada desde Thunder Client",
		"schema": "https://schema.getpostman.com/json/collection/v2.1.0/collection.json",
		"_exporter_id": "27689387"
	},
	"item": [
		{
			"name": "Matches",
			"item": [
				{
					"name": "createMatch",
					"request": {
						"auth": {
							"type": "bearer",
							"bearer": [
								{
									"key": "token",
									"value": "eb134e5803c3fd38022b1d5d947684ad530084e3e9fbe9f11d5fc5a7ece93f666ec289bac3d8d44a4146bb4be3ae31b158c123b545e0db62115de036ea04c65e",
									"type": "string"
								}
							]
						},
						"method": "POST",
						"header": [],
						"body": {
							"mode": "raw",
							"raw": "{\n  \"type\": \"Singles\"\n}",
							"options": {
								"raw": {
									"language": "json"
								}
							}
						},
						"url": {
							"raw": "http://localhost:5000/api/matches/create",
							"protocol": "http",
							"host": [
								"localhost"
							],
							"port": "5000",
							"path": [
								"api",
								"matches",
								"create"
							]
						}
					},
					"response": []
				},
				{
					"name": "getMatchById",
					"request": {
						"method": "GET",
						"header": [],
						"url": {
							"raw": "http://localhost:5000/api/matches/2",
							"protocol": "http",
							"host": [
								"localhost"
							],
							"port": "5000",
							"path": [
								"api",
								"matches",
								"2"
							]
						}
					},
					"response": []
				},
				{
					"name": "updateMatch",
					"request": {
						"auth": {
							"type": "bearer",
							"bearer": [
								{
									"key": "token",
									"value": "eb134e5803c3fd38022b1d5d947684ad530084e3e9fbe9f11d5fc5a7ece93f666ec289bac3d8d44a4146bb4be3ae31b158c123b545e0db62115de036ea04c65e",
									"type": "string"
								}
							]
						},
						"method": "PUT",
						"header": [],
						"body": {
							"mode": "raw",
							"raw": "{\n  \"type\": \"Dobles\"\n}",
							"options": {
								"raw": {
									"language": "json"
								}
							}
						},
						"url": {
							"raw": "http://localhost:5000/api/matches/2",
							"protocol": "http",
							"host": [
								"localhost"
							],
							"port": "5000",
							"path": [
								"api",
								"matches",
								"2"
							]
						}
					},
					"response": []
				},
				{
					"name": "getMatches",
					"request": {
						"method": "GET",
						"header": [],
						"url": {
							"raw": "http://localhost:5000/api/matches",
							"protocol": "http",
							"host": [
								"localhost"
							],
							"port": "5000",
							"path": [
								"api",
								"matches"
							]
						}
					},
					"response": []
				},
				{
					"name": "deleteMatchById",
					"request": {
						"auth": {
							"type": "bearer",
							"bearer": [
								{
									"key": "token",
									"value": "eb134e5803c3fd38022b1d5d947684ad530084e3e9fbe9f11d5fc5a7ece93f666ec289bac3d8d44a4146bb4be3ae31b158c123b545e0db62115de036ea04c65e",
									"type": "string"
								}
							]
						},
						"method": "DELETE",
						"header": [],
						"url": {
							"raw": "http://localhost:5000/api/matches/2",
							"protocol": "http",
							"host": [
								"localhost"
							],
							"port": "5000",
							"path": [
								"api",
								"matches",
								"2"
							]
						}
					},
					"response": []
				}
			]
		},
		{
			"name": "Players",
			"item": [
				{
					"name": "getPlayers",
					"request": {
						"method": "GET",
						"header": [],
						"url": {
							"raw": "http://localhost:5000/api/players",
							"protocol": "http",
							"host": [
								"localhost"
							],
							"port": "5000",
							"path": [
								"api",
								"players"
							]
						}
					},
					"response": []
				},
				{
					"name": "createPlayer",
					"request": {
						"auth": {
							"type": "bearer",
							"bearer": [
								{
									"key": "token",
									"value": "eb134e5803c3fd38022b1d5d947684ad530084e3e9fbe9f11d5fc5a7ece93f666ec289bac3d8d44a4146bb4be3ae31b158c123b545e0db62115de036ea04c65e",
									"type": "string"
								}
							]
						},
						"method": "POST",
						"header": [],
						"body": {
							"mode": "raw",
							"raw": "{\r\n  \"dni\" : 39157114,\r\n  \"surname\" : \"Talmon\",\r\n  \"name\" : \"ruben\",\r\n  \"birthdate\" : \"prueba\",\r\n  \"email\" : \"prueba\",\r\n  \"phone\" : \"prueba\",\r\n  \"category\":\"sexta\",\r\n  \"province\" : \"prueba\",\r\n  \"city\" : \"prueba\"\r\n}",
							"options": {
								"raw": {
									"language": "json"
								}
							}
						},
						"url": {
							"raw": "http://localhost:5000/api/players/save",
							"protocol": "http",
							"host": [
								"localhost"
							],
							"port": "5000",
							"path": [
								"api",
								"players",
								"save"
							]
						}
					},
					"response": []
				},
				{
					"name": "deletePlayerById",
					"request": {
						"auth": {
							"type": "bearer",
							"bearer": [
								{
									"key": "token",
									"value": "eb134e5803c3fd38022b1d5d947684ad530084e3e9fbe9f11d5fc5a7ece93f666ec289bac3d8d44a4146bb4be3ae31b158c123b545e0db62115de036ea04c65e",
									"type": "string"
								}
							]
						},
						"method": "DELETE",
						"header": [],
						"url": {
							"raw": "http://localhost:5000/api/players/39157111",
							"protocol": "http",
							"host": [
								"localhost"
							],
							"port": "5000",
							"path": [
								"api",
								"players",
								"39157111"
							]
						}
					},
					"response": []
				},
				{
					"name": "getPlayerById",
					"request": {
						"method": "GET",
						"header": [],
						"url": {
							"raw": "http://localhost:5000/api/players/39157369",
							"protocol": "http",
							"host": [
								"localhost"
							],
							"port": "5000",
							"path": [
								"api",
								"players",
								"39157369"
							]
						}
					},
					"response": []
				},
				{
					"name": "updatePlayerByDNI",
					"request": {
						"auth": {
							"type": "bearer",
							"bearer": [
								{
									"key": "token",
									"value": "eb134e5803c3fd38022b1d5d947684ad530084e3e9fbe9f11d5fc5a7ece93f666ec289bac3d8d44a4146bb4be3ae31b158c123b545e0db62115de036ea04c65e",
									"type": "string"
								}
							]
						},
						"method": "PUT",
						"header": [],
						"body": {
							"mode": "raw",
							"raw": "{\n  \"birthdate\" : \"1995-09-04\"\n}",
							"options": {
								"raw": {
									"language": "json"
								}
							}
						},
						"url": {
							"raw": "http://localhost:5000/api/players/39157369",
							"protocol": "http",
							"host": [
								"localhost"
							],
							"port": "5000",
							"path": [
								"api",
								"players",
								"39157369"
							]
						}
					},
					"response": []
				}
			]
		},
		{
			"name": "Categories",
			"item": [
				{
					"name": "getCategories",
					"request": {
						"method": "GET",
						"header": [],
						"url": {
							"raw": "http://localhost:5000/api/categories",
							"protocol": "http",
							"host": [
								"localhost"
							],
							"port": "5000",
							"path": [
								"api",
								"categories"
							]
						}
					},
					"response": []
				},
				{
					"name": "getCategoryById",
					"request": {
						"method": "GET",
						"header": [],
						"url": {
							"raw": "http://localhost:5000/api/categories/17",
							"protocol": "http",
							"host": [
								"localhost"
							],
							"port": "5000",
							"path": [
								"api",
								"categories",
								"17"
							]
						}
					},
					"response": []
				},
				{
					"name": "updateCategory",
					"request": {
						"auth": {
							"type": "bearer",
							"bearer": [
								{
									"key": "token",
									"value": "eb134e5803c3fd38022b1d5d947684ad530084e3e9fbe9f11d5fc5a7ece93f666ec289bac3d8d44a4146bb4be3ae31b158c123b545e0db62115de036ea04c65e",
									"type": "string"
								}
							]
						},
						"method": "PUT",
						"header": [],
						"body": {
							"mode": "raw",
							"raw": "{\n    \"name\": \"Prueba\"\n}",
							"options": {
								"raw": {
									"language": "json"
								}
							}
						},
						"url": {
							"raw": "http://localhost:5000/api/categories/17",
							"protocol": "http",
							"host": [
								"localhost"
							],
							"port": "5000",
							"path": [
								"api",
								"categories",
								"17"
							]
						}
					},
					"response": []
				},
				{
					"name": "createCategory",
					"request": {
						"auth": {
							"type": "bearer",
							"bearer": [
								{
									"key": "token",
									"value": "eb134e5803c3fd38022b1d5d947684ad530084e3e9fbe9f11d5fc5a7ece93f666ec289bac3d8d44a4146bb4be3ae31b158c123b545e0db62115de036ea04c65e",
									"type": "string"
								}
							]
						},
						"method": "POST",
						"header": [],
						"body": {
							"mode": "raw",
							"raw": "{\n  \"name\": \"Probando\"\n}",
							"options": {
								"raw": {
									"language": "json"
								}
							}
						},
						"url": {
							"raw": "http://localhost:5000/api/categories/save",
							"protocol": "http",
							"host": [
								"localhost"
							],
							"port": "5000",
							"path": [
								"api",
								"categories",
								"save"
							]
						}
					},
					"response": []
				},
				{
					"name": "deleteCategoryById",
					"request": {
						"auth": {
							"type": "bearer",
							"bearer": [
								{
									"key": "token",
									"value": "eb134e5803c3fd38022b1d5d947684ad530084e3e9fbe9f11d5fc5a7ece93f666ec289bac3d8d44a4146bb4be3ae31b158c123b545e0db62115de036ea04c65e",
									"type": "string"
								}
							]
						},
						"method": "DELETE",
						"header": [],
						"url": {
							"raw": "http://localhost:5000/api/categories/17",
							"protocol": "http",
							"host": [
								"localhost"
							],
							"port": "5000",
							"path": [
								"api",
								"categories",
								"17"
							]
						}
					},
					"response": []
				}
			]
		},
		{
			"name": "Tournaments",
			"item": [
				{
					"name": "getTournaments",
					"request": {
						"method": "GET",
						"header": [],
						"url": {
							"raw": "http://localhost:5000/api/tournaments",
							"protocol": "http",
							"host": [
								"localhost"
							],
							"port": "5000",
							"path": [
								"api",
								"tournaments"
							]
						}
					},
					"response": []
				},
				{
					"name": "createTournament",
					"request": {
						"auth": {
							"type": "bearer",
							"bearer": [
								{
									"key": "token",
									"value": "eb134e5803c3fd38022b1d5d947684ad530084e3e9fbe9f11d5fc5a7ece93f666ec289bac3d8d44a4146bb4be3ae31b158c123b545e0db62115de036ea04c65e",
									"type": "string"
								}
							]
						},
						"method": "POST",
						"header": [],
						"body": {
							"mode": "raw",
							"raw": "{\n  \"name\": \"Nuevo torneo\"\n}",
							"options": {
								"raw": {
									"language": "json"
								}
							}
						},
						"url": {
							"raw": "http://localhost:5000/api/tournaments/create",
							"protocol": "http",
							"host": [
								"localhost"
							],
							"port": "5000",
							"path": [
								"api",
								"tournaments",
								"create"
							]
						}
					},
					"response": []
				},
				{
					"name": "deleteTournamentById",
					"request": {
						"auth": {
							"type": "bearer",
							"bearer": [
								{
									"key": "token",
									"value": "eb134e5803c3fd38022b1d5d947684ad530084e3e9fbe9f11d5fc5a7ece93f666ec289bac3d8d44a4146bb4be3ae31b158c123b545e0db62115de036ea04c65e",
									"type": "string"
								}
							]
						},
						"method": "DELETE",
						"header": [],
						"url": {
							"raw": "http://localhost:5000/api/tournaments/3",
							"protocol": "http",
							"host": [
								"localhost"
							],
							"port": "5000",
							"path": [
								"api",
								"tournaments",
								"3"
							]
						}
					},
					"response": []
				},
				{
					"name": "getTournamentById",
					"request": {
						"method": "GET",
						"header": [],
						"url": {
							"raw": "http://localhost:5000/api/tournaments/3",
							"protocol": "http",
							"host": [
								"localhost"
							],
							"port": "5000",
							"path": [
								"api",
								"tournaments",
								"3"
							]
						}
					},
					"response": []
				},
				{
					"name": "updateTournament",
					"request": {
						"auth": {
							"type": "bearer",
							"bearer": [
								{
									"key": "token",
									"value": "eb134e5803c3fd38022b1d5d947684ad530084e3e9fbe9f11d5fc5a7ece93f666ec289bac3d8d44a4146bb4be3ae31b158c123b545e0db62115de036ea04c65e",
									"type": "string"
								}
							]
						},
						"method": "PUT",
						"header": [],
						"body": {
							"mode": "raw",
							"raw": "{\n  \"name\": \"prueba\"\n}",
							"options": {
								"raw": {
									"language": "json"
								}
							}
						},
						"url": {
							"raw": "http://localhost:5000/api/tournaments/3",
							"protocol": "http",
							"host": [
								"localhost"
							],
							"port": "5000",
							"path": [
								"api",
								"tournaments",
								"3"
							]
						}
					},
					"response": []
				}
			]
		},
		{
			"name": "Sets",
			"item": [
				{
					"name": "getSets",
					"request": {
						"method": "GET",
						"header": [],
						"url": {
							"raw": "http://localhost:5000/api/sets",
							"protocol": "http",
							"host": [
								"localhost"
							],
							"port": "5000",
							"path": [
								"api",
								"sets"
							]
						}
					},
					"response": []
				},
				{
					"name": "getSetById",
					"request": {
						"method": "GET",
						"header": [],
						"url": {
							"raw": "http://localhost:5000/api/sets/1",
							"protocol": "http",
							"host": [
								"localhost"
							],
							"port": "5000",
							"path": [
								"api",
								"sets",
								"1"
							]
						}
					},
					"response": []
				},
				{
					"name": "updateSetById",
					"request": {
						"auth": {
							"type": "bearer",
							"bearer": [
								{
									"key": "token",
									"value": "eb134e5803c3fd38022b1d5d947684ad530084e3e9fbe9f11d5fc5a7ece93f666ec289bac3d8d44a4146bb4be3ae31b158c123b545e0db62115de036ea04c65e",
									"type": "string"
								}
							]
						},
						"method": "PUT",
						"header": [],
						"body": {
							"mode": "raw",
							"raw": "{\r\n  \"result_1\": 2,\r\n  \"result_2\": 1\r\n}",
							"options": {
								"raw": {
									"language": "json"
								}
							}
						},
						"url": {
							"raw": "http://localhost:5000/api/sets/1",
							"protocol": "http",
							"host": [
								"localhost"
							],
							"port": "5000",
							"path": [
								"api",
								"sets",
								"1"
							]
						}
					},
					"response": []
				},
				{
					"name": "deleteSetById",
					"request": {
						"auth": {
							"type": "bearer",
							"bearer": [
								{
									"key": "token",
									"value": "eb134e5803c3fd38022b1d5d947684ad530084e3e9fbe9f11d5fc5a7ece93f666ec289bac3d8d44a4146bb4be3ae31b158c123b545e0db62115de036ea04c65e",
									"type": "string"
								}
							]
						},
						"method": "DELETE",
						"header": [],
						"url": {
							"raw": "http://localhost:5000/api/sets/2",
							"protocol": "http",
							"host": [
								"localhost"
							],
							"port": "5000",
							"path": [
								"api",
								"sets",
								"2"
							]
						}
					},
					"response": []
				},
				{
					"name": "createSet",
					"request": {
						"auth": {
							"type": "bearer",
							"bearer": [
								{
									"key": "token",
									"value": "eb134e5803c3fd38022b1d5d947684ad530084e3e9fbe9f11d5fc5a7ece93f666ec289bac3d8d44a4146bb4be3ae31b158c123b545e0db62115de036ea04c65e",
									"type": "string"
								}
							]
						},
						"method": "POST",
						"header": [],
						"url": {
							"raw": "http://localhost:5000/api/sets/create",
							"protocol": "http",
							"host": [
								"localhost"
							],
							"port": "5000",
							"path": [
								"api",
								"sets",
								"create"
							]
						}
					},
					"response": []
				},
				{
					"name": "getStats",
					"request": {
						"method": "GET",
						"header": [],
						"url": {
							"raw": "http://localhost:5000/api/sets/stats/1",
							"protocol": "http",
							"host": [
								"localhost"
							],
							"port": "5000",
							"path": [
								"api",
								"sets",
								"stats",
								"1"
							]
						}
					},
					"response": []
				}
			]
		},
		{
			"name": "auth",
			"item": [
				{
					"name": "Register",
					"request": {
						"method": "POST",
						"header": [],
						"body": {
							"mode": "raw",
							"raw": "{\r\n    \"name\": \"Inoxibb\",\r\n    \"email\": \"Inoxiblabbahia@gmail.com\",\r\n    \"password\": \"Inoxibb1234\",\r\n    \"role\": \"admin\"\r\n}",
							"options": {
								"raw": {
									"language": "json"
								}
							}
						},
						"url": {
							"raw": "http://localhost:5000/api/auth/register",
							"protocol": "http",
							"host": [
								"localhost"
							],
							"port": "5000",
							"path": [
								"api",
								"auth",
								"register"
							]
						}
					},
					"response": []
				},
				{
					"name": "Login",
					"request": {
						"method": "POST",
						"header": [],
						"body": {
							"mode": "raw",
							"raw": "{\r\n    \"email\": \"Inoxiblabbahia@gmail.com\",\r\n    \"password\": \"Inoxibb1234\"\r\n\r\n\r\n}",
							"options": {
								"raw": {
									"language": "json"
								}
							}
						},
						"url": {
							"raw": "http://localhost:5000/api/auth/login",
							"protocol": "http",
							"host": [
								"localhost"
							],
							"port": "5000",
							"path": [
								"api",
								"auth",
								"login"
							]
						}
					},
					"response": []
				},
				{
					"name": "Logout",
					"request": {
						"method": "POST",
						"header": [],
						"url": {
							"raw": "http://localhost:5000/api/auth/logout",
							"protocol": "http",
							"host": [
								"localhost"
							],
							"port": "5000",
							"path": [
								"api",
								"auth",
								"logout"
							]
						}
					},
					"response": []
				}
			]
		},
		{
			"name": "Users",
			"item": [
				{
					"name": "getUsers",
					"request": {
						"method": "GET",
						"header": [],
						"url": {
							"raw": "http://localhost:5000/api/users/",
							"protocol": "http",
							"host": [
								"localhost"
							],
							"port": "5000",
							"path": [
								"api",
								"users",
								""
							]
						}
					},
					"response": []
				},
				{
					"name": "getUserById",
					"request": {
						"method": "GET",
						"header": [],
						"url": {
							"raw": "http://localhost:5000/api/users/5",
							"protocol": "http",
							"host": [
								"localhost"
							],
							"port": "5000",
							"path": [
								"api",
								"users",
								"5"
							]
						}
					},
					"response": []
				},
				{
					"name": "createUser",
					"request": {
						"auth": {
							"type": "bearer",
							"bearer": [
								{
									"key": "token",
									"value": "eyJhbGciOiJIUzI1NiIsInR5cCI6IkpXVCJ9.eyJpZCI6Mywicm9sZSI6ImFkbWluIiwiaWF0IjoxNzI2NzY2MTQwLCJleHAiOjE3MjkzNTgxNDB9.V9qHI22KUPFIzBThGYFOwBuBQpFZmJfgrvGIN93mEsU",
									"type": "string"
								}
							]
						},
						"method": "POST",
						"header": [],
						"body": {
							"mode": "raw",
							"raw": "{\r\n  \"name\": \"John Doe\",\r\n  \"email\": \"johndoe29@gmail.com\",\r\n  \"password\": \"1234\",\r\n  \"role\": \"user\"\r\n}\r\n",
							"options": {
								"raw": {
									"language": "json"
								}
							}
						},
						"url": {
							"raw": "http://localhost:5000/api/users/create",
							"protocol": "http",
							"host": [
								"localhost"
							],
							"port": "5000",
							"path": [
								"api",
								"users",
								"create"
							]
						}
					},
					"response": []
				},
				{
					"name": "editUser",
					"request": {
						"auth": {
							"type": "bearer",
							"bearer": [
								{
									"key": "token",
									"value": "eyJhbGciOiJIUzI1NiIsInR5cCI6IkpXVCJ9.eyJpZCI6Mywicm9sZSI6ImFkbWluIiwiaWF0IjoxNzI2NzY2MTQwLCJleHAiOjE3MjkzNTgxNDB9.V9qHI22KUPFIzBThGYFOwBuBQpFZmJfgrvGIN93mEsU",
									"type": "string"
								}
							]
						},
						"method": "PUT",
						"header": [],
						"body": {
							"mode": "raw",
							"raw": "{\r\n  \"name\": \"John Doe\",\r\n  \"email\": \"johndoe22@gmail.com\",\r\n  \"password\": \"1234\",\r\n  \"role\": \"admin\"\r\n}\r\n",
							"options": {
								"raw": {
									"language": "json"
								}
							}
						},
						"url": {
							"raw": "http://localhost:5000/api/users/5",
							"protocol": "http",
							"host": [
								"localhost"
							],
							"port": "5000",
							"path": [
								"api",
								"users",
								"5"
							]
						}
					},
					"response": []
				},
				{
					"name": "deleteUser",
					"request": {
						"auth": {
							"type": "bearer",
							"bearer": [
								{
									"key": "token",
									"value": "eyJhbGciOiJIUzI1NiIsInR5cCI6IkpXVCJ9.eyJpZCI6Mywicm9sZSI6ImFkbWluIiwiaWF0IjoxNzI2NzY2MTQwLCJleHAiOjE3MjkzNTgxNDB9.V9qHI22KUPFIzBThGYFOwBuBQpFZmJfgrvGIN93mEsU",
									"type": "string"
								}
							]
						},
						"method": "DELETE",
						"header": [],
						"url": {
							"raw": "http://localhost:5000/api/users/6",
							"protocol": "http",
							"host": [
								"localhost"
							],
							"port": "5000",
							"path": [
								"api",
								"users",
								"6"
							]
						}
					},
					"response": []
				}
			]
		}
	]
}